代碼,名稱,領域,說明
1101,台泥,水泥工業,無
1102,亞泥,水泥工業,無
1103,嘉泥,水泥工業,無
1104,環泥,水泥工業,無
1108,幸福,水泥工業,無
1109,信大,水泥工業,無
1110,東泥,水泥工業,無
1201,味全,食品工業,無
1203,味王,食品工業,無
1210,大成,食品工業,無
1213,大飲,食品工業,無
1215,卜蜂,食品工業,無
1216,統一,食品工業,無
1217,愛之味,食品工業,無
1218,泰山,食品工業,無
1219,福壽,食品工業,無
1220,台榮,食品工業,無
1225,福懋油,食品工業,無
1227,佳格,食品工業,無
1229,聯華,食品工業,無
1231,聯華食,食品工業,無
1232,大統益,食品工業,無
1233,天仁,食品工業,無
1234,黑松,食品工業,無
1235,興泰,食品工業,無
1236,宏亞,食品工業,無
1256,鮮活果汁-KY,食品工業,無
1301,台塑,塑膠工業,無
1303,南亞,塑膠工業,無
1304,台聚,塑膠工業,無
1305,華夏,塑膠工業,無
1307,三芳,塑膠工業,無
1308,亞聚,塑膠工業,無
1309,台達化,塑膠工業,無
1310,台苯,塑膠工業,無
1312,國喬,塑膠工業,無
1313,聯成,塑膠工業,無
1314,中石化,塑膠工業,無
1315,達新,塑膠工業,無
1316,上曜,建材營造業,無
1319,東陽,汽車工業,無
1321,大洋,塑膠工業,無
1323,永裕,塑膠工業,無
1324,地球,塑膠工業,無
1325,恆大,塑膠工業,無
1326,台化,塑膠工業,無
1337,再生-KY,塑膠工業,無
1338,廣華-KY,汽車工業,無
1339,昭輝,汽車工業,無
1340,勝悅-KY,塑膠工業,無
1341,富林-KY,塑膠工業,無
1342,八貫,其他業,無
1402,遠東新,紡織纖維,無
1409,新纖,紡織纖維,無
1410,南染,紡織纖維,無
1413,宏洲,紡織纖維,無
1414,東和,紡織纖維,無
1416,廣豐,其他業,無
1417,嘉裕,紡織纖維,無
1418,東華,紡織纖維,無
1419,新紡,紡織纖維,無
1423,利華,紡織纖維,無
1432,大魯閣,運動休閒,無
1434,福懋,紡織纖維,無
1435,中福,其他業,無
1436,華友聯,建材營造業,無
1437,勤益控,其他業,無
1438,三地開發,建材營造業,無
1439,雋揚,建材營造業,無
1440,南紡,紡織纖維,無
1441,大東,紡織纖維,無
1442,名軒,建材營造業,無
1443,立益物流,其他業,無
1444,力麗,紡織纖維,無
1445,大宇,紡織纖維,無
1446,宏和,紡織纖維,無
1447,力鵬,紡織纖維,無
1449,佳和,紡織纖維,無
1451,年興,紡織纖維,無
1452,宏益,紡織纖維,無
1453,大將,建材營造業,無
1454,台富,紡織纖維,無
1455,集盛,紡織纖維,無
1456,怡華,建材營造業,無
1457,宜進,紡織纖維,無
1459,聯發,紡織纖維,無
1460,宏遠,紡織纖維,無
1463,強盛,紡織纖維,無
1464,得力,紡織纖維,無
1465,偉全,紡織纖維,無
1466,聚隆,紡織纖維,無
1467,南緯,紡織纖維,無
1468,昶和,紡織纖維,無
1470,大統新創,紡織纖維,無
1471,首利,電子零組件業,無
1472,三洋實業,建材營造業,無
1473,台南,紡織纖維,無
1474,弘裕,紡織纖維,無
1475,業旺,紡織纖維,無
1476,儒鴻,紡織纖維,無
1477,聚陽,紡織纖維,無
1503,士電,電機機械,機器人與智慧機械
1504,東元,電機機械,機器人與智慧機械
1506,正道,電機機械,無
1512,瑞利,汽車工業,無
1513,中興電,電機機械,無
1514,亞力,電機機械,無
1515,力山,電機機械,無
1516,川飛,其他業,無
1517,利奇,電機機械,無
1519,華城,電機機械,無
1521,大億,汽車工業,智慧駕駛(ADAS/V2X)
1522,堤維西,汽車工業,無
1524,耿鼎,汽車工業,無
1525,江申,汽車工業,無
1526,日馳,電機機械,無
1527,鑽全,電機機械,無
1528,恩德,電機機械,無
1529,樂事綠能,電機機械,無
1530,亞崴,電機機械,無
1531,高林股,電機機械,無
1532,勤美,電機機械,無
1533,車王電,汽車工業,智慧駕駛(ADAS/V2X)
1535,中宇,電機機械,無
1536,和大,汽車工業,機器人與智慧機械
1537,廣隆,電機機械,無
1538,正峰,電機機械,無
1539,巨庭,電機機械,無
1540,喬福,電機機械,無
1541,錩泰,電機機械,無
1558,伸興,電機機械,無
1560,中砂,電機機械,先進封裝(CoWoS/3DIC); 次世代半導體(GaN/SiC)
1563,巧新,汽車工業,無
1568,倉佑,汽車工業,無
1582,信錦,電子零組件業,無
1583,程泰,電機機械,機器人與智慧機械
1587,吉茂,汽車工業,無
1589,永冠-KY,電機機械,無
1590,亞德客-KY,電機機械,機器人與智慧機械
1597,直得,電機機械,機器人與智慧機械
1598,岱宇,運動休閒,無
1603,華電,電器電纜,無
1604,聲寶,電器電纜,無
1605,華新,電器電纜,無
1608,華榮,電器電纜,無
1609,大亞,電器電纜,無
1611,中電,電器電纜,無
1612,宏泰,電器電纜,無
1614,三洋電,電器電纜,無
1615,大山,電器電纜,無
1616,億泰,電器電纜,無
1617,榮星,電器電纜,無
1618,合機,電器電纜,無
1626,艾美特-KY,電器電纜,無
1701,中化,生技醫療業,無
1702,南僑,食品工業,無
1707,葡萄王,生技醫療業,無
1708,東鹼,化學工業,無
1709,和益,化學工業,無
1710,東聯,化學工業,無
1711,永光,化學工業,先進封裝(CoWoS/3DIC)
1712,興農,化學工業,無
1713,國化,化學工業,無
1714,和桐,化學工業,無
1717,長興,化學工業,先進封裝(CoWoS/3DIC)
1718,中纖,化學工業,無
1720,生達,生技醫療業,無
1721,三晃,化學工業,無
1722,台肥,化學工業,無
1723,中碳,化學工業,無
1725,元禎,化學工業,無
1726,永記,化學工業,無
1727,中華化,化學工業,無
1730,花仙子,化學工業,無
1731,美吾華,生技醫療業,無
1732,毛寶,化學工業,無
1733,五鼎,生技醫療業,無
1734,杏輝,生技醫療業,無
1735,日勝化,化學工業,無
1736,喬山,運動休閒,無
1737,臺鹽,食品工業,無
1752,南光,生技醫療業,無
1760,寶齡富錦,生技醫療業,無
1762,中化生,生技醫療業,無
1773,勝一,化學工業,無
1776,展宇,化學工業,無
1783,和康生,生技醫療業,無
1786,科妍,生技醫療業,無
1789,神隆,生技醫療業,無
1795,美時,生技醫療業,無
1802,台玻,玻璃陶瓷,無
1805,寶徠,建材營造業,無
1806,冠軍,玻璃陶瓷,無
1808,潤隆,建材營造業,無
1809,中釉,玻璃陶瓷,無
1810,和成,玻璃陶瓷,無
1817,凱撒衛,玻璃陶瓷,無
1903,士紙,造紙工業,無
1904,正隆,造紙工業,無
1905,華紙,造紙工業,無
1906,寶隆,造紙工業,無
1907,永豐餘,造紙工業,無
1909,榮成,造紙工業,無
2002,中鋼,鋼鐵工業,國防產業
2006,東和鋼鐵,鋼鐵工業,無
2007,燁興,鋼鐵工業,無
2008,高興昌,鋼鐵工業,無
2009,第一銅,鋼鐵工業,無
2010,春源,鋼鐵工業,無
2012,春雨,鋼鐵工業,無
2013,中鋼構,鋼鐵工業,無
2014,中鴻,鋼鐵工業,無
2015,豐興,鋼鐵工業,無
2017,官田鋼,鋼鐵工業,無
2020,美亞,鋼鐵工業,無
2022,聚亨,鋼鐵工業,無
2023,燁輝,鋼鐵工業,無
2024,志聯,鋼鐵工業,無
2025,千興,鋼鐵工業,無
2027,大成鋼,鋼鐵工業,無
2028,威致,鋼鐵工業,無
2029,盛餘,鋼鐵工業,無
2030,彰源,鋼鐵工業,無
2031,新光鋼,鋼鐵工業,無
2032,新鋼,鋼鐵工業,無
2033,佳大,鋼鐵工業,無
2034,允強,鋼鐵工業,無
2038,海光,鋼鐵工業,無
2049,上銀,電機機械,國防產業; 機器人與智慧機械
2059,川湖,電子零組件業,AI伺服器與資料中心
2062,橋椿,居家生活,無
2069,運錩,鋼鐵工業,無
2101,南港,橡膠工業,無
2102,泰豐,橡膠工業,無
2103,台橡,橡膠工業,無
2104,國際中橡,橡膠工業,無
2105,正新,橡膠工業,無
2106,建大,橡膠工業,無
2107,厚生,橡膠工業,無
2108,南帝,橡膠工業,無
2109,華豐,橡膠工業,無
2114,鑫永銓,橡膠工業,無
2115,六暉-KY,汽車工業,無
2201,裕隆,汽車工業,無
2204,中華,汽車工業,智慧駕駛(ADAS/V2X)
2206,三陽工業,汽車工業,無
2207,和泰車,汽車工業,無
2208,台船,航運業,國防產業
2211,長榮鋼,鋼鐵工業,無
2227,裕日車,汽車工業,無
2228,劍麟,汽車工業,智慧駕駛(ADAS/V2X)
2231,為升,汽車工業,智慧駕駛(ADAS/V2X)
2233,宇隆,汽車工業,無
2236,百達-KY,汽車工業,無
2239,英利-KY,汽車工業,無
2241,艾姆勒,汽車工業,功率半導體
2243,宏旭-KY,汽車工業,無
2247,汎德永業,汽車工業,無
2250,IKKA-KY,汽車工業,無
2301,光寶科,電腦及週邊設備業,AI伺服器與資料中心; 智慧駕駛(ADAS/V2X)
2302,麗正,半導體業,無
2303,聯電,半導體業,功率半導體
2305,全友,電腦及週邊設備業,無
2308,台達電,電子零組件業,先進封裝(CoWoS/3DIC); AI伺服器與資料中心; 智慧駕駛(ADAS/V2X); 機器人與智慧機械; 量子電腦
2312,金寶,其他電子業,無
2313,華通,電子零組件業,記憶體產業鏈/熱門股
2314,台揚,通信網路業,無
2316,楠梓電,電子零組件業,先進封裝(CoWoS/3DIC)
2317,鴻海,其他電子業,AI伺服器與資料中心; 智慧駕駛(ADAS/V2X); 機器人與智慧機械
2321,東訊,通信網路業,無
2323,中環,光電業,無
2324,仁寶,電腦及週邊設備業,機器人與智慧機械
2327,國巨,電子零組件業,智慧駕駛(ADAS/V2X)
2328,廣宇,電子零組件業,無
2329,華泰,半導體業,智慧駕駛(ADAS/V2X)
2330,台積電,半導體業,先進封裝(CoWoS/3DIC); AI伺服器與資料中心; 功率半導體; 次世代半導體(GaN/SiC); 智慧駕駛(ADAS/V2X); 量子電腦
2331,精英,電腦及週邊設備業,無
2332,友訊,通信網路業,無
2337,旺宏,半導體業,智慧駕駛(ADAS/V2X)
2338,光罩,半導體業,無
2340,台亞,半導體業,次世代半導體(GaN/SiC)
2342,茂矽,半導體業,功率半導體; 次世代半導體(GaN/SiC)
2344,華邦電,半導體業,智慧駕駛(ADAS/V2X)
2345,智邦,通信網路業,機器人與智慧機械
2347,聯強,電子通路業,無
2348,海悅,其他業,無
2349,錸德,光電業,無
2351,順德,半導體業,功率半導體
2352,佳世達,電腦及週邊設備業,機器人與智慧機械
2353,宏碁,電腦及週邊設備業,智慧駕駛(ADAS/V2X)
2354,鴻準,其他電子業,AI伺服器與資料中心; 機器人與智慧機械
2355,敬鵬,電子零組件業,智慧駕駛(ADAS/V2X)
2356,英業達,電腦及週邊設備業,AI伺服器與資料中心
2357,華碩,電腦及週邊設備業,智慧駕駛(ADAS/V2X); 機器人與智慧機械
2358,廷鑫,其他業,無
2359,所羅門,其他電子業,機器人與智慧機械
2360,致茂,其他電子業,先進封裝(CoWoS/3DIC); 國防產業; 機器人與智慧機械
2362,藍天,電腦及週邊設備業,無
2363,矽統,半導體業,特殊應用積體電路(ASIC)
2364,倫飛,電腦及週邊設備業,無
2365,昆盈,電腦及週邊設備業,機器人與智慧機械
2367,燿華,電子零組件業,智慧駕駛(ADAS/V2X)
2368,金像電,電子零組件業,AI伺服器與資料中心
2369,菱生,半導體業,無
2371,大同,電機機械,機器人與智慧機械
2373,震旦行,其他電子業,無
2374,佳能,光電業,機器人與智慧機械
2375,凱美,電子零組件業,無
2376,技嘉,電腦及週邊設備業,AI伺服器與資料中心
2377,微星,電腦及週邊設備業,智慧駕駛(ADAS/V2X); 機器人與智慧機械
2379,瑞昱,半導體業,智慧駕駛(ADAS/V2X)
2380,虹光,電腦及週邊設備業,無
2382,廣達,電腦及週邊設備業,AI伺服器與資料中心; 機器人與智慧機械
2383,台光電,電子零組件業,AI伺服器與資料中心
2385,群光,電子零組件業,無
2387,精元,電腦及週邊設備業,無
2388,威盛,半導體業,特殊應用積體電路(ASIC)
2390,云辰,其他電子業,無
2392,正崴,電子零組件業,AI伺服器與資料中心; 智慧駕駛(ADAS/V2X)
2393,億光,光電業,無
2395,研華,電腦及週邊設備業,先進封裝(CoWoS/3DIC); 機器人與智慧機械
2397,友通,電腦及週邊設備業,無
2399,映泰,電腦及週邊設備業,記憶體產業鏈/熱門股
2401,凌陽,半導體業,特殊應用積體電路(ASIC); 智慧駕駛(ADAS/V2X)
2402,毅嘉,電子零組件業,無
2404,漢唐,其他電子業,無
2405,輔信,電腦及週邊設備業,無
2406,國碩,光電業,無
2408,南亞科,半導體業,記憶體產業鏈/熱門股
2409,友達,光電業,智慧駕駛(ADAS/V2X)
2412,中華電,通信網路業,智慧駕駛(ADAS/V2X)
2413,環科,電子零組件業,記憶體產業鏈/熱門股
2414,精技,電子通路業,無
2415,錩新,電子零組件業,無
2417,圓剛,電腦及週邊設備業,無
2419,仲琦,通信網路業,無
2420,新巨,電子零組件業,無
2421,建準,電子零組件業,AI伺服器與資料中心
2423,固緯,其他電子業,無
2424,隴華,通信網路業,無
2425,承啟,電腦及週邊設備業,無
2426,鼎元,光電業,無
2427,三商電,資訊服務業,無
2428,興勤,電子零組件業,智慧駕駛(ADAS/V2X)
2429,銘旺科,光電業,無
2430,燦坤,電子通路業,無
2431,聯昌,電子零組件業,無
2433,互盛電,其他電子業,無
2434,統懋,半導體業,無
2436,偉詮電,半導體業,智慧駕駛(ADAS/V2X)
2438,翔耀,光電業,無
2439,美律,通信網路業,無
2440,太空梭,電子零組件業,無
2441,超豐,半導體業,功率半導體
2442,新美齊,建材營造業,無
2443,昶虹,其他業,無
2444,兆勁,通信網路業,無
2449,京元電子,半導體業,先進封裝(CoWoS/3DIC)
2450,神腦,通信網路業,無
2451,創見,半導體業,無
2453,凌群,資訊服務業,無
2454,聯發科,半導體業,特殊應用積體電路(ASIC); 智慧駕駛(ADAS/V2X); 量子電腦
2455,全新,通信網路業,次世代半導體(GaN/SiC)
2457,飛宏,電子零組件業,無
2458,義隆,半導體業,機器人與智慧機械
2459,敦吉,其他電子業,無
2460,建通,電子零組件業,無
2461,光群雷,其他電子業,無
2462,良得電,電子零組件業,智慧駕駛(ADAS/V2X)
2464,盟立,其他電子業,機器人與智慧機械; 量子電腦
2465,麗臺,電腦及週邊設備業,無
2466,冠西電,光電業,無
2467,志聖,電子零組件業,先進封裝(CoWoS/3DIC); 機器人與智慧機械; 量子電腦
2468,華經,資訊服務業,無
2471,資通,資訊服務業,無
2472,立隆電,電子零組件業,無
2474,可成,其他電子業,無
2476,鉅祥,電子零組件業,無
2477,美隆電,其他電子業,無
2478,大毅,電子零組件業,無
2480,敦陽科,資訊服務業,無
2481,強茂,半導體業,功率半導體
2482,連宇,其他電子業,無
2483,百容,電子零組件業,無
2484,希華,電子零組件業,無
2485,兆赫,通信網路業,無
2486,一詮,光電業,無
2488,漢平,其他電子業,無
2489,瑞軒,光電業,無
2491,吉祥全,光電業,無
2492,華新科,電子零組件業,無
2493,揚博,電子零組件業,無
2495,普安,電腦及週邊設備業,無
2496,卓越,其他業,無
2497,怡利電,汽車工業,智慧駕駛(ADAS/V2X)
2498,宏達電,通信網路業,智慧駕駛(ADAS/V2X)
2501,國建,建材營造業,無
2504,國產,建材營造業,無
2505,國揚,建材營造業,無
2506,太設,建材營造業,無
2509,全坤建,建材營造業,無
2511,太子,建材營造業,無
2514,龍邦,其他業,無
2515,中工,建材營造業,無
2516,新建,建材營造業,無
2520,冠德,建材營造業,無
2524,京城,建材營造業,無
2527,宏璟,建材營造業,無
2528,皇普,建材營造業,無
2530,華建,建材營造業,無
2534,宏盛,建材營造業,無
2535,達欣工,建材營造業,無
2536,宏普,建材營造業,無
2537,聯上發,建材營造業,無
2538,基泰,建材營造業,無
2539,櫻花建,建材營造業,無
2540,愛山林,建材營造業,無
2542,興富發,建材營造業,無
2543,皇昌,建材營造業,無
2545,皇翔,建材營造業,無
2546,根基,建材營造業,無
2547,日勝生,建材營造業,無
2548,華固,建材營造業,無
2597,潤弘,建材營造業,無
2601,益航,貿易百貨業,無
2603,長榮,航運業,無
2605,新興,航運業,無
2606,裕民,航運業,無
2607,榮運,航運業,無
2608,嘉里大榮,航運業,無
2609,陽明,航運業,無
2610,華航,航運業,無
2611,志信,航運業,無
2612,中航,航運業,無
2613,中櫃,航運業,無
2614,東森,其他業,無
2615,萬海,航運業,無
2616,山隆,油電燃氣業,無
2617,台航,航運業,無
2618,長榮航,航運業,無
2630,亞航,航運業,無
2633,台灣高鐵,航運業,無
2634,漢翔,航運業,國防產業
2636,台驊投控,航運業,無
2637,慧洋-KY,航運業,無
2642,宅配通,航運業,無
2645,長榮航太,航運業,國防產業
2701,萬企,觀光餐旅,無
2702,華園,觀光餐旅,無
2704,國賓,觀光餐旅,無
2705,六福,觀光餐旅,無
2706,第一店,觀光餐旅,無
2707,晶華,觀光餐旅,無
2712,遠雄來,觀光餐旅,無
2722,夏都,觀光餐旅,無
2723,美食-KY,觀光餐旅,無
2727,王品,觀光餐旅,無
2731,雄獅,觀光餐旅,無
2739,寒舍,觀光餐旅,無
2748,雲品,觀光餐旅,無
2753,八方雲集,觀光餐旅,無
2762,世界健身-KY,運動休閒,無
2801,彰銀,金融保險業,無
2809,京城銀,金融保險業,無
2812,台中銀,金融保險業,無
2816,旺旺保,金融保險業,無
2820,華票,金融保險業,無
2832,台產,金融保險業,無
2834,臺企銀,金融保險業,無
2836,高雄銀,金融保險業,無
2838,聯邦銀,金融保險業,無
2845,遠東銀,金融保險業,無
2849,安泰銀,金融保險業,無
2850,新產,金融保險業,無
2851,中再保,金融保險業,無
2852,第一保,金融保險業,無
2855,統一證,金融保險業,無
2867,三商壽,金融保險業,無
2880,華南金,金融保險業,無
2881,富邦金,金融保險業,無
2882,國泰金,金融保險業,無
2883,開發金,金融保險業,無
2884,玉山金,金融保險業,無
2885,元大金,金融保險業,無
2886,兆豐金,金融保險業,無
2887,台新金,金融保險業,無
2888,新光金,金融保險業,無
2889,國票金,金融保險業,無
2890,永豐金,金融保險業,無
2891,中信金,金融保險業,無
2892,第一金,金融保險業,無
2897,王道銀行,金融保險業,無
2901,欣欣,貿易百貨業,無
2903,遠百,貿易百貨業,無
2904,匯僑,其他業,無
2905,三商,貿易百貨業,無
2906,高林,貿易百貨業,無
2908,特力,貿易百貨業,無
2910,統領,貿易百貨業,無
2911,麗嬰房,貿易百貨業,無
2912,統一超,貿易百貨業,無
2913,農林,貿易百貨業,無
2915,潤泰全,貿易百貨業,無
2923,鼎固-KY,建材營造業,無
2929,淘帝-KY,貿易百貨業,無
2939,凱羿-KY,貿易百貨業,無
2945,三商家購,貿易百貨業,無
3002,歐格,電腦及週邊設備業,無
3003,健和興,電子零組件業,機器人與智慧機械
3004,豐達科,鋼鐵工業,國防產業
3005,神基,電腦及週邊設備業,國防產業
3006,晶豪科,半導體業,記憶體產業鏈/熱門股
3008,大立光,光電業,機器人與智慧機械
3010,華立,電子通路業,無
3011,今皓,電子零組件業,無
3013,晟銘電,電腦及週邊設備業,無
3014,聯陽,半導體業,智慧駕駛(ADAS/V2X)
3015,全漢,電子零組件業,無
3016,嘉晶,半導體業,功率半導體; 次世代半導體(GaN/SiC)
3017,奇鋐,電腦及週邊設備業,AI伺服器與資料中心
3018,隆銘綠能,其他電子業,無
3019,亞光,光電業,機器人與智慧機械
3021,鴻名,電子零組件業,無
3022,威強電,電腦及週邊設備業,機器人與智慧機械
3023,信邦,電子零組件業,無
3024,憶聲,光電業,無
3025,星通,通信網路業,無
3026,禾伸堂,電子零組件業,無
3027,盛達,通信網路業,無
3028,增你強,電子通路業,無
3029,零壹,資訊服務業,無
3030,德律,其他電子業,機器人與智慧機械
3031,佰鴻,光電業,無
3032,偉訓,電子零組件業,無
3033,威健,電子通路業,無
3034,聯詠,半導體業,特殊應用積體電路(ASIC)
3035,智原,半導體業,特殊應用積體電路(ASIC)
3036,文曄,電子通路業,智慧駕駛(ADAS/V2X)
3037,欣興,電子零組件業,先進封裝(CoWoS/3DIC); AI伺服器與資料中心; IC載板; 量子電腦
3038,全台,光電業,無
3040,遠見,其他業,無
3041,揚智,半導體業,無
3042,晶技,電子零組件業,無
3043,科風,其他電子業,無
3044,健鼎,電子零組件業,無
3045,台灣大,通信網路業,無
3046,建碁,電腦及週邊設備業,無
3047,訊舟,通信網路業,無
3048,益登,電子通路業,無
3049,精金,光電業,無
3050,鈺德,光電業,無
3051,力特,光電業,無
3052,夆典,建材營造業,無
3054,立萬利,食品工業,無
3055,蔚華科,電子通路業,無
3056,富華新,建材營造業,無
3057,喬鼎,電腦及週邊設備業,無
3058,立德,電子零組件業,無
3059,華晶科,光電業,智慧駕駛(ADAS/V2X)
3060,銘異,電腦及週邊設備業,無
3062,建漢,通信網路業,無
3090,日電貿,電子零組件業,AI伺服器與資料中心
3092,鴻碩,電子零組件業,無
3094,聯傑,半導體業,智慧駕駛(ADAS/V2X)
3130,一零四,數位雲端,無
3138,耀登,通信網路業,無
3149,正達,光電業,無
3164,景岳,生技醫療業,無
3167,大量,電機機械,記憶體產業鏈/熱門股
3168,眾福科,光電業,無
3189,景碩,半導體業,IC載板; 量子電腦
3209,全科,電子通路業,無
3229,晟鈦,電子零組件業,無
3231,緯創,電腦及週邊設備業,AI伺服器與資料中心
3257,虹冠電,半導體業,無
3266,昇陽,建材營造業,無
3296,勝德,電子零組件業,無
3305,昇貿,其他電子業,記憶體產業鏈/熱門股
3308,聯德,電子零組件業,無
3311,閎暉,通信網路業,無
3312,弘憶股,電子通路業,無
3321,同泰,電子零組件業,無
3338,泰碩,電子零組件業,無
3346,麗清,汽車工業,智慧駕駛(ADAS/V2X)
3356,奇偶,光電業,無
3376,新日興,電子零組件業,無
3380,明泰,通信網路業,智慧駕駛(ADAS/V2X)
3406,玉晶光,光電業,無
3413,京鼎,半導體業,無
3416,融程電,電腦及週邊設備業,國防產業
3419,譁裕,通信網路業,智慧駕駛(ADAS/V2X)
3432,台端,電子零組件業,無
3437,榮創,光電業,無
3443,創意,半導體業,特殊應用積體電路(ASIC); 量子電腦
3447,展達,通信網路業,無
3450,聯鈞,半導體業,無
3454,晶睿,光電業,無
3481,群創,光電業,智慧駕駛(ADAS/V2X)
3494,誠研,電腦及週邊設備業,無
3501,維熹,電子零組件業,無
3504,揚明光,光電業,智慧駕駛(ADAS/V2X)
3515,華擎,電腦及週邊設備業,無
3518,柏騰,其他電子業,無
3528,安馳,電子通路業,無
3530,晶相光,半導體業,無
3532,台勝科,半導體業,無
3533,嘉澤,電子零組件業,AI伺服器與資料中心
3535,晶彩科,光電業,智慧駕駛(ADAS/V2X)
3543,州巧,光電業,無
3545,敦泰,半導體業,無
3550,聯穎,電子零組件業,無
3557,嘉威,居家生活,無
3563,牧德,光電業,先進封裝(CoWoS/3DIC)
3576,聯合再生,光電業,次世代半導體(GaN/SiC)
3583,辛耘,半導體業,先進封裝(CoWoS/3DIC); 量子電腦
3588,通嘉,半導體業,無
3591,艾笛森,光電業,無
3592,瑞鼎,半導體業,無
3593,力銘,電子零組件業,無
3596,智易,通信網路業,無
3605,宏致,電子零組件業,無
3607,谷崧,電子零組件業,無
3617,碩天,其他電子業,無
3622,洋華,光電業,無
3645,達邁,電子零組件業,無
3652,精聯,電腦及週邊設備業,無
3653,健策,電子零組件業,功率半導體
3661,世芯-KY,半導體業,特殊應用積體電路(ASIC); 量子電腦
3665,貿聯-KY,其他電子業,AI伺服器與資料中心; 智慧駕駛(ADAS/V2X)
3669,圓展,通信網路業,無
3673,TPK-KY,光電業,無
3679,新至陞,電子零組件業,無
3686,達能,半導體業,功率半導體
3694,海華,通信網路業,無
3701,大眾控,電腦及週邊設備業,無
3702,大聯大,電子通路業,智慧駕駛(ADAS/V2X)
3703,欣陸,建材營造業,無
3704,合勤控,通信網路業,無
3705,永信,生技醫療業,無
3706,神達,電腦及週邊設備業,智慧駕駛(ADAS/V2X)
3708,上緯投控,綠能環保,無
3711,日月光投控,半導體業,先進封裝(CoWoS/3DIC); AI伺服器與資料中心; 量子電腦
3712,永崴投控,電腦及週邊設備業,無
3714,富采,光電業,次世代半導體(GaN/SiC)
3715,定穎投控,電子零組件業,記憶體產業鏈/熱門股
4104,佳醫,生技醫療業,無
4106,雃博,生技醫療業,無
4108,懷特,生技醫療業,無
4119,旭富,生技醫療業,無
4133,亞諾法,生技醫療業,無
4137,麗豐-KY,生技醫療業,無
4142,國光生,生技醫療業,無
4148,全宇生技-KY,生技醫療業,無
4155,訊映,生技醫療業,無
4164,承業醫,生技醫療業,無
4190,佐登-KY,生技醫療業,無
4306,炎洲,塑膠工業,無
4414,如興,紡織纖維,無
4426,利勤,紡織纖維,無
4438,廣越,紡織纖維,無
4439,冠星-KY,紡織纖維,無
4440,宜新實業,紡織纖維,無
4526,東台,電機機械,無
4532,瑞智,電機機械,無
4536,拓凱,運動休閒,國防產業
4540,全球傳動,電機機械,無
4545,銘鈺,電子零組件業,無
4551,智伸科,汽車工業,無
4552,力達-KY,電機機械,無
4555,氣立,電機機械,無
4557,永新-KY,汽車工業,無
4560,強信-KY,電機機械,無
4562,穎漢,電機機械,機器人與智慧機械
4564,元翎,電機機械,無
4566,時碩工業,電機機械,無
4569,六方科-KY,汽車工業,無
4571,鈞興-KY,電機機械,無
4572,駐龍,電機機械,無
4576,大銀微系統,電機機械,機器人與智慧機械
4581,光隆精密-KY,汽車工業,無
4583,台灣精銳,電機機械,無
4588,玖鼎電力,其他電子業,無
4720,德淵,化學工業,無
4722,國精化,化學工業,無
4736,泰博,生技醫療業,無
4737,華廣,生技醫療業,無
4739,康普,化學工業,無
4746,台耀,生技醫療業,無
4755,三福化,化學工業,無
4763,材料-KY,化學工業,無
4764,雙鍵,化學工業,無
4766,南寶,化學工業,無
4770,上品,化學工業,無
4771,望隼,生技醫療業,無
4807,日成-KY,貿易百貨業,無
4904,遠傳,通信網路業,智慧駕駛(ADAS/V2X)
4906,正文,通信網路業,記憶體產業鏈/熱門股
4912,聯德控股-KY,電子零組件業,無
4915,致伸,電子零組件業,無
4916,事欣科,電腦及週邊設備業,國防產業
4919,新唐,半導體業,智慧駕駛(ADAS/V2X)
4927,泰鼎-KY,電子零組件業,無
4930,燦星網,電器電纜,無
4934,太極,光電業,次世代半導體(GaN/SiC)
4935,茂林-KY,光電業,無
4938,和碩,電腦及週邊設備業,無
4942,嘉彰,光電業,無
4943,康控-KY,電子零組件業,無
4949,有成精密,光電業,無
4952,凌通,半導體業,無
4956,光鋐,光電業,無
4958,臻鼎-KY,電子零組件業,IC載板
4960,誠美材,光電業,無
4961,天鈺,半導體業,無
4967,十銓,半導體業,記憶體產業鏈/熱門股
4968,立積,半導體業,無
4976,佳凌,光電業,智慧駕駛(ADAS/V2X)
4977,眾達-KY,通信網路業,記憶體產業鏈/熱門股
4989,榮科,電子零組件業,記憶體產業鏈/熱門股
4994,傳奇,資訊服務業,無
4999,鑫禾,電子零組件業,無
5007,三星,鋼鐵工業,無
5203,訊連,資訊服務業,無
5215,科嘉-KY,電腦及週邊設備業,無
5222,全訊,半導體業,功率半導體; 國防產業
5225,東科-KY,其他電子業,無
5234,達興材料,光電業,無
5243,乙盛-KY,光電業,無
5244,弘凱,光電業,無
5258,虹堡,電腦及週邊設備業,無
5269,祥碩,半導體業,無
5283,禾聯碩,電器電纜,無
5284,jpp-KY,其他業,無
5285,界霖,半導體業,功率半導體
5288,豐祥-KY,電機機械,無
5292,華懋,綠能環保,無
5306,桂盟,運動休閒,無
5388,中磊,通信網路業,智慧駕駛(ADAS/V2X)
5434,崇越,電子通路業,無
5469,瀚宇博,電子零組件業,無
5471,松翰,半導體業,無
5484,慧友,光電業,無
5515,建國,建材營造業,無
5519,隆大,建材營造業,無
5521,工信,建材營造業,無
5522,遠雄,建材營造業,無
5525,順天,建材營造業,無
5531,鄉林,建材營造業,無
5533,皇鼎,建材營造業,無
5534,長虹,建材營造業,無
5538,東明-KY,鋼鐵工業,無
5546,永固-KY,建材營造業,無
5607,遠雄港,航運業,無
5608,四維航,航運業,無
5706,鳳凰,觀光餐旅,無
5871,中租-KY,其他業,無
5876,上海商銀,金融保險業,無
5880,合庫金,金融保險業,無
5906,台南-KY,貿易百貨業,無
5907,大洋-KY,貿易百貨業,無
6005,群益證,金融保險業,無
6024,群益期,金融保險業,無
6108,競國,電子零組件業,無
6112,邁達特,資訊服務業,無
6115,鎰勝,電子零組件業,無
6116,彩晶,光電業,無
6117,迎廣,電腦及週邊設備業,無
6120,達運,光電業,無
6128,上福,電腦及週邊設備業,無
6133,金橋,電子零組件業,無
6136,富爾特,通信網路業,無
6139,亞翔,其他電子業,記憶體產業鏈/熱門股
6141,柏承,電子零組件業,無
6142,友勁,通信網路業,無
6152,百一,通信網路業,無
6153,嘉聯益,電子零組件業,無
6155,鈞寶,電子零組件業,無
6164,華興,光電業,無
6165,浪凡,數位雲端,無
6166,凌華,電腦及週邊設備業,機器人與智慧機械
6168,宏齊,光電業,無
6176,瑞儀,光電業,無
6177,達麗,建材營造業,無
6183,關貿,資訊服務業,無
6184,大豐電,其他業,無
6189,豐藝,電子通路業,無
6191,精成科,電子零組件業,無
6192,巨路,其他電子業,無
6196,帆宣,其他電子業,無
6197,佳必琪,電子零組件業,AI伺服器與資料中心
6201,亞弘電,其他電子業,無
6202,盛群,半導體業,智慧駕駛(ADAS/V2X)
6205,詮欣,電子零組件業,智慧駕駛(ADAS/V2X)
6206,飛捷,電腦及週邊設備業,無
6209,今國光,光電業,無
6213,聯茂,電子零組件業,無
6214,精誠,資訊服務業,無
6215,和椿,其他電子業,無
6216,居易,通信網路業,無
6224,聚鼎,電子零組件業,無
6225,天瀚,光電業,無
6226,光鼎,光電業,無
6230,尼得科超眾,電腦及週邊設備業,量子電腦
6235,華孚,電腦及週邊設備業,無
6239,力成,半導體業,量子電腦
6243,迅杰,半導體業,無
6257,矽格,半導體業,無
6269,台郡,電子零組件業,無
6271,同欣電,半導體業,無
6277,宏正,電腦及週邊設備業,無
6278,台表科,光電業,無
6281,全國電,電子通路業,無
6282,康舒,電子零組件業,記憶體產業鏈/熱門股
6283,淳安,其他電子業,智慧駕駛(ADAS/V2X)
6285,啟碁,通信網路業,智慧駕駛(ADAS/V2X)
6288,聯嘉,汽車工業,無
6405,悅城,光電業,無
6409,旭隼,其他電子業,無
6412,群電,電子零組件業,無
6414,樺漢,電腦及週邊設備業,無
6415,矽力*-KY,半導體業,無
6416,瑞祺電通,通信網路業,國防產業
6426,統新,通信網路業,無
6431,光麗-KY,生技醫療業,無
6438,迅得,其他電子業,無
6442,光聖,通信網路業,無
6443,元晶,光電業,記憶體產業鏈/熱門股
6446,藥華藥,生技醫療業,無
6449,鈺邦,電子零組件業,無
6451,訊芯-KY,半導體業,智慧駕駛(ADAS/V2X)
6456,GIS-KY,光電業,無
6464,台數科,其他業,無
6472,保瑞,生技醫療業,無
6477,安集,光電業,無
6491,晶碩,生技醫療業,無
6504,南六,其他業,無
6505,台塑化,油電燃氣業,無
6515,穎崴,半導體業,先進封裝(CoWoS/3DIC)
6525,捷敏-KY,半導體業,功率半導體
6526,達發,半導體業,無
6531,愛普*,半導體業,無
6533,晶心科,半導體業,智慧駕駛(ADAS/V2X)
6541,泰福-KY,生技醫療業,無
6550,北極星藥業-KY,生技醫療業,無
6552,易華電,半導體業,無
6558,興能高,其他電子業,AI伺服器與資料中心
6573,虹揚-KY,半導體業,功率半導體
6579,研揚,電腦及週邊設備業,無
6581,鋼聯,綠能環保,無
6582,申豐,橡膠工業,無
6585,鼎基,其他業,無
6591,動力-KY,電腦及週邊設備業,無
6592,和潤企業,其他業,無
6598,ABC-KY,生技醫療業,無
6605,帝寶,汽車工業,無
6606,建德工業,電機機械,無
6625,必應,其他業,無
6641,基士德-KY,綠能環保,無
6655,科定,其他業,無
6657,華安,生技醫療業,無
6658,聯策,其他電子業,無
6666,羅麗芬-KY,生技醫療業,無
6668,中揚光,光電業,無
6669,緯穎,電腦及週邊設備業,AI伺服器與資料中心
6670,復盛應用,運動休閒,無
6671,三能-KY,居家生活,無
6672,騰輝電子-KY,電子零組件業,無
6674,鋐寶科技,通信網路業,無
6689,伊雲谷,數位雲端,無
6691,洋基工程,其他電子業,無
6695,芯鼎,半導體業,特殊應用積體電路(ASIC)
6698,旭暉應材,其他電子業,無
6706,惠特,光電業,無
6715,嘉基,電子零組件業,無
6719,力智,半導體業,功率半導體
6742,澤米,光電業,無
6743,安普新,其他電子業,無
6753,龍德造船,航運業,國防產業
6754,匯僑設計,居家生活,無
6756,威鋒電子,半導體業,無
6768,志強-KY,運動休閒,無
6770,力積電,半導體業,記憶體產業鏈/熱門股
6776,展碁國際,電子通路業,無
6781,AES-KY,電子零組件業,AI伺服器與資料中心
6782,視陽,生技醫療業,無
6789,采鈺,半導體業,無
6790,永豐實,造紙工業,無
6792,詠業,通信網路業,無
6796,晉弘,生技醫療業,無
6799,來頡,半導體業,無
6805,富世達,電子零組件業,AI伺服器與資料中心
6806,森崴能源,綠能環保,無
6807,峰源-KY,居家生活,無
6830,汎銓,其他電子業,無
6834,天二科技,電子零組件業,無
6835,圓裕,電子零組件業,無
6861,睿生光電,生技醫療業,無
6863,永道-KY,通信網路業,無
6901,鑽石投資,其他業,無
6906,現觀科,數位雲端,無
6914,阜爾運通,其他業,無
6916,華凌,光電業,無
6928,攸泰科技,電腦及週邊設備業,無
6933,AMAX-KY,電腦及週邊設備業,無
6937,天虹,半導體業,無
8011,台通,通信網路業,無
8016,矽創,半導體業,無
8021,尖點,其他電子業,記憶體產業鏈/熱門股
8028,昇陽半導體,半導體業,功率半導體
8033,雷虎,其他業,無
8039,台虹,電子零組件業,記憶體產業鏈/熱門股
8046,南電,電子零組件業,IC載板; 智慧駕駛(ADAS/V2X); 量子電腦
8070,長華*,電子通路業,無
8072,陞泰,電子通路業,無
8081,致新,半導體業,無
8101,華冠,通信網路業,無
8103,瀚荃,電子零組件業,無
8104,錸寶,光電業,AI伺服器與資料中心
8105,凌巨,光電業,無
8110,華東,半導體業,記憶體產業鏈/熱門股
8112,至上,電子通路業,無
8114,振樺電,電腦及週邊設備業,無
8131,福懋科,半導體業,記憶體產業鏈/熱門股
8150,南茂,半導體業,記憶體產業鏈/熱門股
8163,達方,電腦及週邊設備業,無
8201,無敵,其他電子業,無
8210,勤誠,電腦及週邊設備業,AI伺服器與資料中心
8213,志超,電子零組件業,無
8215,明基材,光電業,無
8222,寶一,電機機械,國防產業
8249,菱光,電子零組件業,無
8261,富鼎,半導體業,功率半導體
8271,宇瞻,半導體業,記憶體產業鏈/熱門股
8341,日友,綠能環保,無
8367,建新國際,航運業,無
8374,羅昇,電機機械,機器人與智慧機械
8404,百和興業-KY,其他業,無
8411,福貞-KY,其他業,無
8422,可寧衛,綠能環保,無
8429,金麗-KY,貿易百貨業,無
8438,昶昕,綠能環保,無
8442,威宏-KY,其他業,無
8443,阿瘦,貿易百貨業,無
8454,富邦媒,數位雲端,無
8462,柏文,運動休閒,無
8463,潤泰材,其他業,無
8464,億豐,居家生活,無
8466,美吉吉-KY,其他業,無
8467,波力-KY,運動休閒,無
8473,山林水,綠能環保,無
8476,台境,綠能環保,無
8478,東哥遊艇,運動休閒,無
8481,政伸,其他業,無
8482,商億-KY,居家生活,無
8488,吉源-KY,其他業,無
8499,鼎炫-KY,其他電子業,無
8926,台汽電,油電燃氣業,無
8940,新天地,觀光餐旅,無
8996,高力,電機機械,AI伺服器與資料中心
9802,鈺齊-KY,運動休閒,無
9902,台火,其他業,無
9904,寶成,運動休閒,無
9905,大華,其他業,無
9906,欣巴巴,建材營造業,無
9907,統一實,其他業,無
9908,大台北,油電燃氣業,無
9910,豐泰,運動休閒,無
9911,櫻花,居家生活,無
9912,偉聯,電腦及週邊設備業,無
9914,美利達,運動休閒,無
9917,中保科,其他業,無
9918,欣天然,油電燃氣業,無
9919,康那香,其他業,無
9921,巨大,運動休閒,無
9924,福興,居家生活,無
9925,新保,其他業,無
9926,新海,油電燃氣業,無
9927,泰銘,其他業,無
9928,中視,其他業,無
9929,秋雨,其他業,無
9930,中聯資源,綠能環保,無
9931,欣高,油電燃氣業,無
9933,中鼎,其他業,無
9934,成霖,居家生活,無
9935,慶豐富,居家生活,無
9937,全國,油電燃氣業,無
9938,百和,其他業,無
9939,宏全,其他業,無
9940,信義,其他業,無
9941,裕融,其他業,無
9942,茂順,其他業,無
9943,好樂迪,觀光餐旅,無
9944,新麗,其他業,無
9945,潤泰新,其他業,無
9946,三發地產,建材營造業,無
9955,佳龍,綠能環保,無
9958,世紀鋼,鋼鐵工業,無
0050,元大台灣50,ETF,無
0056,元大高股息,ETF,無
00878,國泰永續高股息,ETF,無
00919,群益台灣精選高息,ETF,無
006208,富邦台50,ETF,無
00937B,群益ESG投等債20+,ETF,無
00679B,元大美債20年,ETF,無
00687B,國泰20年美債,ETF,無
00751B,元大AAA至A公司債,ETF,無
00713,元大台灣高息低波,ETF,無
00725B,國泰投資級公司債,ETF,無
00929,復華台灣科技優息,ETF,無
00720B,元大投資級公司債,ETF,無
00772B,中信高評級公司債,ETF,無
00940,元大台灣價值高息,ETF,無
00724B,群益投資級金融債,ETF,無
00773B,中信優先金融債,ETF,無
00761B,國泰A級公司債,ETF,無
00933B,國泰10Y+金融債,ETF,無
00746B,富邦A級公司債,ETF,無
00918,大華優利高填息30,ETF,無
00881,國泰台灣科技龍頭,ETF,無
00740B,富邦全球投等債,ETF,無
00792B,群益A級公司債,ETF,無
00777B,凱基AAA至A公司債,ETF,無
00662,富邦NASDAQ,ETF,無
00795B,中信美國公債20年,ETF,無
00722B,群益投資級電信債,ETF,無
00778B,凱基金融債20+,ETF,無
00723B,群益投資級科技債,ETF,無
00712,復華富時不動產,ETF,無
00756B,群益投等新興公債,ETF,無
00757,統一FANG+,ETF,無
00950B,凱基A級公司債,ETF,無
00922,國泰台灣領袖50,ETF,無
00764B,群益25年美債,ETF,無
00726B,國泰新興投等債,ETF,無
00953B,群益優選非投等債,ETF,無
00882,中信中國高股息,ETF,無
00692,富邦公司治理,ETF,無
00749B,凱基新興債10+,ETF,無
00785B,富邦金融投等債,ETF,無
00754B,群益AAA-AA公司債,ETF,無
00631L,元大台灣50正2,ETF,無
00900,富邦特選高股息30,ETF,無
00779B,凱基美債25+,ETF,無
00632R,元大台灣50反1,ETF,無
00646,元大S&P500,ETF,無
00939,統一台灣高息動能,ETF,無
00768B,復華20年美債,ETF,無
